Date,Name,Profile link,Topic,Manager,Format,Ad link,UTM Link,UTM Campaign,Budget,Reach (Plan),Fact Reach,Median %,CPM (Plan),CPM Fact,CTR Plan,CTR Fact,Traffic Plan,Traffic Fact,CPC Plan,CPC Fact,CR0 Plan,CR0 Fact,Contacts Plan,Contacts Fact,CPContact Plan,CPContact Fact,"CR1 Contact - deal
Plan","CR1 Contact - deal 
Fact",Deals Plan,Deals Fact,CR3 Deal > call Plan,CR3 Deal > call Fact,Calls Plan,Calls Fact,"CR4 Call - GTC
Fact",GTC ? Plan,GTC ? Fact,?R Call > Purchase P  - 1 month,?R Call > Purchase F  - 1 month,Purchase F - TOTAL,CMC F - TOTAL,Purchase P - 1 month,Purchase F - 1 month,CMC P - 1 ???,CMC F - 1 month,Purchase F - 2 ?onth,"CMC F - 
2 ?onth","Purchase F - 
3 ?onth","CMC F - 
3 ?onth","Purchase F - 
6 ?onth","CMC F - 
6 ?onth",is_parseable,url_type,content_id,integration_timestamp
2025-04-01,drewtalbert,https://www.instagram.com/drewtalbert/,Career,Arina,reel,https://www.instagram.com/reel/DH6K1jYJDCB/,https://tripleten.com/special/free-career-consultation/?utm_channel=influencers&utm_source=influencers&utm_medium=instagram&utm_campaign=influencers_drewtalbert0425&utm_content=reels,influencers_drewtalbert0425,11000.0,500000.0,1300000.0,2.6,22.0,8.461538462,0.0012,0.000461538,600.0,382.0,18.33333333,28.79581152,0.08,0.17539267,48.0,67.0,229.1666667,164.1791045,0.2,0.582089552,9.6,39.0,0.4,0.41025641,3.84,16.0,0.5625,1.152,9.0,0.3,0.0,0.0,,,0.0,,,0.0,,0.0,,0.0,,True,instagram_reel,DH6K1jYJDCB,
2025-04-01,mamainmadrid_,https://www.instagram.com/mamainmadrid_/reels/,Travel,Tatam,reel,https://www.instagram.com/reel/DH6Scl6IYh8/,https://tripleten.com/special/free-career-consultation/?utm_channel=influencers&utm_source=influencers&utm_medium=instagram&utm_campaign=influencers_mamainmadrid_0425&utm_content=reels,influencers_mamainmadrid_0425,2000.0,80000.0,88000.0,1.1,25.0,22.72727273,0.0012,0.001090909,96.0,125.0,20.83333333,16.0,0.08,0.144,7.68,18.0,260.4166667,111.1111111,0.2,0.333333333,1.536,6.0,0.4,0.166666667,0.6144,1.0,0.0,0.18432,0.0,0.3,0.0,0.0,,,0.0,,,0.0,,0.0,,0.0,,True,instagram_reel,DH6Scl6IYh8,
2025-04-04,Chemistorian,https://www.youtube.com/@Chemistorian,History,Masha,youtube,https://youtu.be/uTc3U2Cqen4?si=tFWWnuYgMps_cQVF&t=331,https://tripleten.com/programs/?utm_campaign=influencers_chemistorian0425&utm_medium=youtube&utm_source=influencers&utm_content=youtube,influencers_chemistorian0425,3000.0,80000.0,5800.0,0.0725,37.5,517.2413793,0.0012,0.016551724,96.0,8.0,31.25,375.0,0.08,0.0,7.68,0.0,390.625,,0.2,,1.536,0.0,0.4,,0.6144,0.0,,0.18432,0.0,0.3,,0.0,,0.18432,0.0,16276.04167,,0.0,,0.0,,0.0,,True,youtube,uTc3U2Cqen4,331.0
2025-04-05,PCBuilderChannel,https://www.youtube.com/@PCBuilderChannel/videos,Tech,Masha,youtube,https://youtu.be/dBgqgkC1kac?si=f814KOj0OStqeb9v&t=27,https://tripleten.com/programs/?utm_campaign=influencers_pcbuilder0425&utm_medium=youtube&utm_source=influencers&utm_content=youtube,influencers_pcbuilder0425,2500.0,100000.0,59000.0,0.59,25.0,42.37288136,0.0012,0.002033898,120.0,104.0,20.83333333,24.03846154,0.08,0.057692308,9.6,6.0,260.4166667,416.6666667,0.2,0.166666667,1.92,1.0,0.4,0.0,0.768,0.0,,0.2304,0.0,0.3,,0.0,,0.2304,0.0,10850.69444,,0.0,,0.0,,0.0,,True,youtube,dBgqgkC1kac,27.0
2025-04-08,iampaulconway,https://www.instagram.com/iampaulconway/reels/,Mental Health,Arina,reel,https://www.instagram.com/reel/DIMmcDNS23P/,https://tripleten.com/programs/?utm_channel=influencers&utm_source=influencers&utm_medium=instagram&utm_campaign=influencers_iampaulconway0425&utm_content=reels,influencers_iampaulconway0425,10000.0,250000.0,156000.0,0.624,40.0,64.1025641,0.0012,0.001923077,300.0,119.0,33.33333333,84.03361345,0.08,0.033613445,24.0,4.0,416.6666667,2500.0,0.2,0.25,4.8,1.0,0.4,0.0,1.92,0.0,,0.576,0.0,0.3,,0.0,,,0.0,,,0.0,,0.0,,0.0,,True,instagram_reel,DIMmcDNS23P,
2025-04-08,clobaremoneycoach,https://www.instagram.com/clobaremoneycoach/,Finance,Arina,reel,https://www.instagram.com/reel/DIMeQt8PGcP/,https://tripleten.com/special/free-career-consultation/?utm_channel=influencers&utm_source=influencers&utm_medium=instagram&utm_campaign=influencers_clobaremoneycoach0425&utm_content=reels,influencers_clobaremoneycoach0425,3000.0,60000.0,12700.0,0.211666667,50.0,236.2204724,0.0012,0.005669291,72.0,390.0,41.66666667,7.692307692,0.08,0.046153846,5.76,18.0,520.8333333,166.6666667,0.2,0.333333333,1.152,6.0,0.4,0.166666667,0.4608,1.0,0.0,0.13824,0.0,0.3,0.0,0.0,,,0.0,,,0.0,,0.0,,0.0,,True,instagram_reel,DIMeQt8PGcP,
2025-04-08,clobaremoneycoach,https://www.instagram.com/clobaremoneycoach/,Finance,Arina,story,clobaremoneycoach.mov,https://tripleten.com/special/free-career-consultation/?utm_channel=influencers&utm_source=influencers&utm_medium=instagram&utm_campaign=influencers_clobaremoneycoach0425&utm_content=stories,influencers_clobaremoneycoach0425,500.0,10000.0,5000.0,0.5,50.0,100.0,0.0012,0.0024,12.0,390.0,41.66666667,1.282051282,0.08,0.046153846,0.96,18.0,520.8333333,27.77777778,0.2,0.333333333,0.192,6.0,0.4,0.166666667,0.0768,1.0,0.0,0.02304,0.0,0.3,0.0,0.0,,,0.0,,,0.0,,0.0,,0.0,,False,local_file,,
2025-04-10,bryanjamescruises,https://www.instagram.com/bryanjamescruises/reels/,Career,Tatam,reel,https://www.instagram.com/reel/DIR_IBNIV9l/,https://tripleten.com/programs/?utm_channel=influencers&utm_source=influencers&utm_medium=instagram&utm_campaign=influencers_bryanjamescruises0425&utm_content=reels,influencers_bryanjamescruises0425,4375.0,200000.0,89300.0,0.4465,21.875,48.99216125,0.0012,0.00268757,240.0,377.0,18.22916667,11.60477454,0.08,0.047745358,19.2,18.0,227.8645833,243.0555556,0.2,0.5,3.84,9.0,0.4,0.222222222,1.536,2.0,0.5,0.4608,1.0,0.3,0.0,0.0,,,0.0,,,0.0,,0.0,,0.0,,True,instagram_reel,DIR_IBNIV9l,
2025-04-13,theangryexplainer,https://www.youtube.com/@theangryexplainer,Knowledge,Masha,youtube,https://youtu.be/wGVv1fvqu2w?si=-L9ykp9z4KIZ92-p&t=120,https://tripleten.com/special/free-career-consultation/?utm_campaign=influencers_theangryexplainer0425&utm_medium=youtube&utm_source=influencers&utm_content=youtube,influencers_theangryexplainer0425,600.0,20000.0,11000.0,0.55,30.0,54.54545455,0.0012,0.002181818,24.0,81.0,25.0,7.407407407,0.08,0.12345679,1.92,10.0,312.5,60.0,0.2,0.0,0.384,0.0,0.4,,0.1536,0.0,,0.04608,0.0,0.3,,0.0,,0.04608,0.0,13020.83333,,0.0,,0.0,,0.0,,True,youtube,wGVv1fvqu2w,120.0
2025-04-14,heavyspoilers,https://www.youtube.com/@heavyspoilers/featured,Movies,Masha,youtube,https://youtu.be/jjHTPGe4vAY?si=z-T70T1WOCd6Lw19&t=387,https://tripleten.com/special/free-career-consultation/?utm_campaign=influencers_heavyspoilers0425&utm_medium=youtube&utm_source=influencers&utm_content=youtube,influencers_heavyspoilers0425,4900.0,300000.0,193000.0,0.643333333,16.33333333,25.38860104,0.0012,0.001865285,360.0,117.0,13.61111111,41.88034188,0.08,0.076923077,28.8,9.0,170.1388889,544.4444444,0.2,0.555555556,5.76,5.0,0.4,0.2,2.304,1.0,1.0,0.6912,1.0,0.3,0.0,0.0,,0.6912,0.0,7089.12037,,0.0,,0.0,,0.0,,True,youtube,jjHTPGe4vAY,387.0
2025-04-14,ScreenCrush,https://www.youtube.com/@ScreenCrush/videos,Movies,Masha,youtube,https://youtu.be/TM1iu7i5Hmg?si=Wv0tw-yzSlDvXpxG&t=195,https://tripleten.com/special/free-career-consultation/?utm_campaign=influencers_screencrush0425&utm_medium=youtube&utm_source=influencers&utm_content=youtube,influencers_screencrush0425,6863.0,300000.0,228000.0,0.76,22.87666667,30.10087719,0.0012,0.001578947,360.0,247.0,19.06388889,27.7854251,0.08,0.097165992,28.8,24.0,238.2986111,285.9583333,0.2,0.375,5.76,9.0,0.4,0.666666667,2.304,6.0,0.666666667,0.6912,4.0,0.3,0.666666667,4.0,1715.75,1.0,1.0,6863.0,6863.0,2.0,3431.5,2.0,3431.5,4.0,1715.75,True,youtube,TM1iu7i5Hmg,195.0
2025-04-16,resumeofficial101,https://www.instagram.com/resumeofficial101/reels/,Career,Arina,reel,https://www.instagram.com/reel/DIg-FXFuYIe/,https://tripleten.com/programs/?utm_channel=influencers&utm_source=influencers&utm_medium=instagram&utm_campaign=influencers_resumeofficial0425&utm_content=reels,influencers_resumeofficial0425,2500.0,50000.0,14100.0,0.282,50.0,177.3049645,0.0012,0.004255319,60.0,154.0,41.66666667,16.23376623,0.08,0.097402597,4.8,15.0,520.8333333,166.6666667,0.2,0.6,0.96,9.0,0.4,0.444444444,0.384,4.0,0.25,0.1152,1.0,0.3,0.0,0.0,,,0.0,,,0.0,,0.0,,0.0,,True,instagram_reel,DIg-FXFuYIe,
2025-04-17,developeradam,https://www.instagram.com/developeradam/?igshid=MWI4MTIyMDE%3D#,Gaming,Arina,story,Developeradam.mp4,https://tripleten.com/programs/?utm_channel=influencers&utm_source=influencers&utm_medium=instagram&utm_campaign=influencers_resumeofficial0425&utm_content=stories,influencers_developeradam0425,1000.0,10000.0,5000.0,0.5,100.0,200.0,0.0012,0.0024,12.0,457.0,83.33333333,2.188183807,0.08,0.013129103,0.96,6.0,1041.666667,166.6666667,0.2,0.333333333,0.192,2.0,0.4,0.5,0.0768,1.0,1.0,0.02304,1.0,0.3,0.0,0.0,,,0.0,,,0.0,,0.0,,0.0,,False,local_file,,
2025-04-17,developeradam,https://www.instagram.com/developeradam/?igshid=MWI4MTIyMDE%3D#,Gaming,Arina,reel,https://www.instagram.com/reel/DIidThZNCGx/,https://tripleten.com/programs/?utm_channel=influencers&utm_source=influencers&utm_medium=instagram&utm_campaign=influencers_developeradam0425&utm_content=reels,influencers_developeradam0425,4000.0,50000.0,61800.0,1.236,80.0,64.72491909,0.0012,0.000970874,60.0,457.0,66.66666667,8.75273523,0.08,0.013129103,4.8,6.0,833.3333333,666.6666667,0.2,0.333333333,0.96,2.0,0.4,0.5,0.384,1.0,1.0,0.1152,1.0,0.3,0.0,0.0,,,0.0,,,0.0,,0.0,,0.0,,True,instagram_reel,DIidThZNCGx,
2025-04-17,thedeveloperadam_,https://www.tiktok.com/@thedeveloperadam_,Gaming,Arina,tiktok,https://www.tiktok.com/@thedeveloperadam_/video/7494174037552139542,,influencers_developeradam0425,0.0,5000.0,5000.0,1.0,0.0,0.0,0.0012,0.0012,6.0,457.0,0.0,0.0,0.08,0.013129103,0.48,6.0,,0.0,0.2,0.333333333,0.096,2.0,0.4,0.5,0.0384,1.0,1.0,0.01152,1.0,0.3,0.0,0.0,,,0.0,,,0.0,,0.0,,0.0,,True,tiktok,7494174037552139542,
2025-04-17,Tech.Unicorn,https://www.youtube.com/@Tech.Unicorn,Tech Careers,Arina,youtube,https://www.youtube.com/watch?v=cpc6B4fLAXo,https://tripleten.com/special/free-career-consultation/?utm_campaign=influencers_techunicorn0425&utm_medium=youtube&utm_source=influencers&utm_content=youtube,influencers_techunicorn0425,250.0,2000.0,1000.0,0.5,125.0,250.0,0.0012,0.0024,2.4,15.0,104.1666667,16.66666667,0.08,0.0,0.192,0.0,1302.083333,,0.2,,0.0384,0.0,0.4,,0.01536,0.0,,0.004608,0.0,0.3,,0.0,,0.004608,0.0,54253.47222,,0.0,,0.0,,0.0,,True,youtube,cpc6B4fLAXo,
2025-04-18,resumeofficial101,https://www.instagram.com/resumeofficial101/reels/,Career,Arina,story,Resumeofficial.mp4,,influencers_resumeofficial0425,500.0,10000.0,7000.0,0.7,50.0,71.42857143,0.0012,0.001714286,12.0,154.0,41.66666667,3.246753247,0.08,0.097402597,0.96,15.0,,33.33333333,0.2,0.6,0.192,9.0,0.4,0.444444444,0.0768,4.0,0.25,0.02304,1.0,0.3,0.0,0.0,,,0.0,,,0.0,,0.0,,0.0,,False,local_file,,
2025-04-19,oliviamarieplath,https://www.instagram.com/oliviamarieplath/,Lifestyle,Tatam,reel,https://www.instagram.com/reel/DImXdBByGCp/,https://tripleten.com/special/free-career-consultation/?utm_channel=influencers&utm_source=influencers&utm_medium=instagram&utm_campaign=influencers_oliviamarieplath0425&utm_content=reels,influencers_oliviamarieplath0425,2800.0,100000.0,48600.0,0.486,28.0,57.61316872,0.0012,0.002469136,120.0,77.0,23.33333333,36.36363636,0.08,0.051948052,9.6,4.0,291.6666667,700.0,0.2,0.0,1.92,0.0,0.4,,0.768,0.0,,0.2304,0.0,0.3,,0.0,,,0.0,,,0.0,,0.0,,0.0,,True,instagram_reel,DImXdBByGCp,
2025-04-23,overgenpoverty,https://www.instagram.com/overgenpoverty/reels/,Finance,Arina,story,Overgenpoverty.mp4,https://tripleten.com/special/free-career-consultation/?utm_channel=influencers&utm_source=influencers&utm_medium=instagram&utm_campaign=influencers_overgenpoverty0425&utm_content=stories,influencers_overgenpoverty0425,2300.0,4900.0,10000.0,2.040816327,469.3877551,230.0,0.0012,0.000588,5.88,612.0,391.1564626,3.758169935,0.08,0.119281046,0.4704,73.0,4889.455782,31.50684932,0.2,0.506849315,0.09408,37.0,0.4,0.27027027,0.037632,10.0,0.3,0.0112896,3.0,0.3,0.2,2.0,1150.0,,1.0,,2300.0,2.0,1150.0,2.0,1150.0,2.0,1150.0,False,local_file,,
2025-04-23,languagejones,https://www.youtube.com/@languagejones/videos,Knowledge,Tatam,youtube,https://youtu.be/5BG06-J1t4Y?si=8IjAYzIW11eI7eJq&t=83,https://tripleten.com/special/free-career-consultation/?utm_campaign=influencers_languagejones0425&utm_medium=youtube&utm_source=influencers&utm_content=youtube,influencers_languagejones0425,875.0,30000.0,9900.0,0.33,29.16666667,88.38383838,0.0012,0.003636364,36.0,49.0,24.30555556,17.85714286,0.08,0.081632653,2.88,4.0,303.8194444,218.75,0.2,0.25,0.576,1.0,0.4,0.0,0.2304,0.0,,0.06912,0.0,0.3,,0.0,,0.06912,0.0,12659.14352,,0.0,,0.0,,0.0,,True,youtube,5BG06-J1t4Y,83.0
2025-04-24,organized.finance,https://www.instagram.com/organized.finance/?hl=en,Tech Careers,Arina,reel,https://www.instagram.com/reel/DI1VKY8pgUT/?hl=en,https://tripleten.com/special/free-career-consultation/?utm_channel=influencers&utm_source=influencers&utm_medium=instagram&utm_campaign=influencers_organizedfinance0425&utm_content=reels,influencers_organizedfinance0425,2300.0,40000.0,36900.0,0.9225,57.5,62.33062331,0.0012,0.001300813,48.0,420.0,47.91666667,5.476190476,0.08,0.05952381,3.84,25.0,598.9583333,92.0,0.2,0.56,0.768,14.0,0.4,0.214285714,0.3072,3.0,0.0,0.09216,0.0,0.3,0.0,0.0,,,0.0,,,0.0,,0.0,,0.0,,True,instagram_reel,DI1VKY8pgUT,
2025-04-28,annnsvan,https://www.instagram.com/annnsvan/,Travel,HOLY,reel,https://www.instagram.com/reel/DI6xkygvlDb/,https://tripleten.com/special/free-career-consultation/?utm_channel=influencers&utm_medium=instagram&utm_campaign=influencers_annnsvan0425&utm_content=reels&utm_source=shopmy,influencers_annnsvan0425,3700.0,80000.0,39600.0,0.495,46.25,93.43434343,0.0012,0.002424242,96.0,291.0,38.54166667,12.71477663,0.08,0.041237113,7.68,12.0,481.7708333,308.3333333,0.2,0.5,1.536,6.0,0.4,0.0,0.6144,0.0,,0.18432,0.0,0.3,,0.0,,,0.0,,,0.0,,0.0,,0.0,,True,instagram_reel,DI6xkygvlDb,
2025-04-28,hallieawalker,https://www.instagram.com/hallieawalker/,Lifestyle,HOLY,reel,https://www.instagram.com/reel/DJAUZgKuf4F/,https://tripleten.com/special/free-career-consultation/?utm_channel=influencers&utm_source=influencers&utm_medium=instagram&utm_campaign=influencers_hallieawalker0425&utm_content=reels,influencers_hallieawalker0425,4700.0,50000.0,32200.0,0.644,94.0,145.9627329,0.0012,0.001863354,60.0,158.0,78.33333333,29.74683544,0.08,0.025316456,4.8,4.0,979.1666667,1175.0,0.2,0.75,0.96,3.0,0.4,0.333333333,0.384,1.0,0.0,0.1152,0.0,0.3,0.0,0.0,,,0.0,,,0.0,,0.0,,0.0,,True,instagram_reel,DJAUZgKuf4F,
2025-04-29,scraplifegarage,https://www.youtube.com/@scraplifegarage,Auto,Masha,youtube,https://youtu.be/1lvNfQ38970?si=Le3m0vHtNBfU_hR7&t=399,https://tripleten.com/special/free-career-consultation/?utm_campaign=influencers_scraplifegarage0425&utm_medium=youtube&utm_source=influencers&utm_content=youtube,influencers_scraplifegarage0425,6000.0,200000.0,127000.0,0.635,30.0,47.24409449,0.0012,0.001889764,240.0,108.0,25.0,55.55555556,0.08,0.083333333,19.2,9.0,312.5,666.6666667,0.2,0.888888889,3.84,8.0,0.4,0.0,1.536,0.0,,0.4608,0.0,0.3,,0.0,,0.4608,0.0,13020.83333,,0.0,,0.0,,0.0,,True,youtube,1lvNfQ38970,399.0
2025-04-30,tech.unicorn,https://www.instagram.com/tech.unicorn/?igshid=MWI4MTIyMDE%3D#,Tech Careers,Arina,story,tech.unicorn.mp4,https://tripleten.com/special/free-career-consultation/?utm_channel=influencers&utm_source=influencers&utm_medium=instagram&utm_campaign=influencers_techunicorn0425stories&utm_content=stories,influencers_techunicorn0425stories,500.0,5000.0,5000.0,1.0,100.0,100.0,0.0012,0.0012,6.0,88.0,83.33333333,5.681818182,0.08,0.068181818,0.48,6.0,1041.666667,83.33333333,0.2,0.0,0.096,0.0,0.4,,0.0384,0.0,,0.01152,0.0,0.3,,0.0,,,0.0,,,0.0,,0.0,,0.0,,False,local_file,,
2025-05-01,addison.jarman,https://www.instagram.com/addison.jarman/,Finance,Tatam,reel,https://www.instagram.com/reel/DJH_w4NBmHS/,https://tripleten.com/special/free-career-consultation/?utm_channel=influencers&utm_source=influencers&utm_medium=instagram&utm_campaign=influencers_addison.jarman0525&utm_content=reels,influencers_addison.jarman0525,5938.0,120000.0,72000.0,0.6,49.48333333,82.47222222,0.0012,0.002,144.0,483.0,41.23611111,12.29399586,0.08,0.043478261,11.52,21.0,515.4513889,282.7619048,0.2,0.571428571,2.304,12.0,0.4,0.083333333,0.9216,1.0,0.0,0.27648,0.0,0.3,0.0,0.0,,0.27648,0.0,,,0.0,,0.0,,0.0,,True,instagram_reel,DJH_w4NBmHS,
2025-05-01,jjbuckner,https://www.youtube.com/@jjbuckner/videos,Career,Masha,youtube,https://youtu.be/8HJExlM3HVE?si=lT5hykiZzDexOMVB&t=199,https://tripleten.com/special/free-career-consultation/?utm_campaign=influencers_jjbuckner0525&utm_medium=youtube&utm_source=influencers&utm_content=youtube,influencers_jjbuckner0525,4000.0,45000.0,116000.0,2.577777778,88.88888889,34.48275862,0.0012,0.000465517,54.0,156.0,74.07407407,25.64102564,0.08,0.057692308,4.32,9.0,925.9259259,444.4444444,0.2,0.888888889,0.864,8.0,0.4,0.5,0.3456,4.0,0.25,0.10368,1.0,0.3,0.25,1.0,4000.0,0.10368,0.0,38580.24691,,0.0,,0.0,,0.0,,True,youtube,8HJExlM3HVE,199.0
2025-05-07,annalee15,https://www.instagram.com/annalee15/,Parents,Tatam,reel,https://www.instagram.com/reel/DJUV3x7AQcU/,https://tripleten.com/special/free-career-consultation/?utm_channel=influencers&utm_source=influencers&utm_medium=instagram&utm_campaign=influencers_annalee150525&utm_content=reels,influencers_annalee150525,6250.0,200000.0,40100.0,0.2005,31.25,155.8603491,0.0012,0.005985037,240.0,90.0,26.04166667,69.44444444,0.08,0.133333333,19.2,12.0,325.5208333,520.8333333,0.2,0.833333333,3.84,10.0,0.4,0.0,1.536,0.0,,0.4608,0.0,0.3,,0.0,,0.4608,0.0,,,0.0,,0.0,,0.0,,True,instagram_reel,DJUV3x7AQcU,
2025-05-11,NicholasGarofola,https://www.youtube.com/@NicholasGarofola/,Self Development,Masha,youtube,https://youtu.be/-iVqB72zxoM?si=-bHkeKt3LF9YXMwa&t=165,https://tripleten.com/special/free-career-consultation/?utm_campaign=influencers_nicholasgarofola0525&utm_medium=youtube&utm_source=influencers&utm_content=youtube,influencers_nicholasgarofola0525,1350.0,31000.0,248000.0,8.0,43.5483871,5.443548387,0.0012,0.00015,37.2,457.0,36.29032258,2.95404814,0.08,0.122538293,2.976,56.0,453.6290323,24.10714286,0.2,0.267857143,0.5952,15.0,0.4,0.266666667,0.23808,4.0,0.5,0.071424,2.0,0.3,0.25,1.0,1350.0,0.071424,1.0,,1350.0,1.0,1350.0,1.0,1350.0,1.0,1350.0,True,youtube,-iVqB72zxoM,165.0
2025-05-12,SciManDan,https://www.youtube.com/@SciManDan,Science,Tatam,youtube,https://youtu.be/nBP-Q9raF90?si=JXethnRhku36IZRF&t=45,https://tripleten.com/special/free-career-consultation/?utm_campaign=influencers_scimandan0525&utm_medium=youtube&utm_source=influencers&utm_content=youtube,influencers_scimandan0525,3125.0,100000.0,84000.0,0.84,31.25,37.20238095,0.0012,0.001428571,120.0,83.0,26.04166667,37.65060241,0.08,0.096385542,9.6,8.0,325.5208333,390.625,0.2,0.5,1.92,4.0,0.4,0.0,0.768,0.0,,0.2304,0.0,0.3,,0.0,,0.2304,0.0,,,0.0,,0.0,,0.0,,True,youtube,nBP-Q9raF90,45.0
2025-05-15,easyactually,https://www.youtube.com/@easyactually,Knowledge,Masha,youtube,https://youtu.be/YJGY7n5gFVk?si=oR2-GjitdLFlWVyh&t=221,https://tripleten.com/special/free-career-consultation/?utm_campaign=influencers_easyactually0525&utm_medium=youtube&utm_source=influencers&utm_content=youtube,influencers_easyactually0525,8000.0,407000.0,102000.0,0.250614251,19.65601966,78.43137255,0.0012,0.004788235,488.4,1357.0,16.38001638,5.895357406,0.08,0.196757553,39.072,267.0,204.7502048,29.96254682,0.2,0.382022472,7.8144,102.0,0.4,0.254901961,3.12576,26.0,0.461538462,0.937728,12.0,0.3,0.192307692,5.0,1600.0,0.937728,3.0,,2666.666667,3.0,2666.666667,4.0,2000.0,5.0,1600.0,True,youtube,YJGY7n5gFVk,221.0
2025-05-15,SciShow,https://www.youtube.com/@SciShow/videos,Knowledge,Masha,youtube,https://youtu.be/Fs53QhJM9FA?si=fSPE0I2lOa_TjHyt&t=439,https://tripleten.com/special/free-career-consultation/?utm_campaign=influencers_scishow0525&utm_medium=youtube&utm_source=influencers&utm_content=youtube,influencers_scishow0525,3000.0,190000.0,214000.0,1.126315789,15.78947368,14.01869159,0.0012,0.001065421,228.0,153.0,13.15789474,19.60784314,0.08,0.124183007,18.24,19.0,164.4736842,157.8947368,0.2,0.315789474,3.648,6.0,0.4,0.0,1.4592,0.0,,0.43776,0.0,0.3,,0.0,,0.43776,0.0,,,0.0,,0.0,,0.0,,True,youtube,Fs53QhJM9FA,439.0
2025-05-16,ApertureThinking,https://www.youtube.com/@ApertureThinking,Mental Health,Masha,youtube,https://www.youtube.com/live/uADWm8KRXlY?si=X3MULU1tEykdGoI5&t=799,https://tripleten.com/special/free-career-consultation/?utm_campaign=influencers_aperture0525&utm_medium=youtube&utm_source=influencers&utm_content=youtube,influencers_aperture0525,2500.0,47000.0,17000.0,0.361702128,53.19148936,147.0588235,0.0012,0.003317647,56.4,19.0,44.32624113,131.5789474,0.08,0.052631579,4.512,1.0,554.0780142,2500.0,0.2,1.0,0.9024,1.0,0.4,0.0,0.36096,0.0,,0.108288,0.0,0.3,,0.0,,0.108288,0.0,,,0.0,,0.0,,0.0,,True,youtube,uADWm8KRXlY,799.0
2025-05-14,moschinodorito,https://www.instagram.com/moschinodorito,Sketchers,Arina,reel,https://www.instagram.com/reel/DKNA0Zst_Gy/,https://tripleten.com/special/free-career-consultation/?utm_channel=influencers&utm_source=influencers&utm_medium=instagram&utm_campaign=influencers_moschinodorito0525&utm_content=reel,influencers_moschinodorito0525,4000.0,100000.0,83400.0,0.834,40.0,47.9616307,0.0012,0.000906475,75.6,61.0,52.91005291,65.57377049,0.08,0.163934426,6.048,10.0,661.3756614,400.0,0.2,0.2,1.2096,2.0,0.4,0.5,0.48384,1.0,0.0,0.145152,0.0,0.3,1.0,1.0,4000.0,0.145152,1.0,,4000.0,1.0,4000.0,1.0,4000.0,1.0,4000.0,True,instagram_reel,DKNA0Zst_Gy,
2025-05-28,mamas.on.a.budget,https://www.instagram.com/mamas.on.a.budget,Finance,Arina,reel,https://www.instagram.com/reel/DKMzabst5S3/,https://tripleten.com/special/free-career-consultation/?utm_channel=influencers&utm_source=influencers&utm_medium=instagram&utm_campaign=influencers_mamas.on.a.budget0525&utm_content=reel,influencers_mamas.on.a.budget0525,4000.0,100000.0,79500.0,0.795,40.0,50.31446541,0.0012,0.003139623,249.6,322.0,38.06089744,29.50310559,0.08,0.279503106,19.968,90.0,475.7612179,105.5555556,0.2,0.188888889,3.9936,17.0,0.4,0.0,1.59744,0.0,,0.479232,0.0,0.3,,0.0,,0.479232,0.0,,,0.0,,0.0,,0.0,,True,instagram_reel,DKMzabst5S3,
2025-05-30,gerrybrooksprin,https://www.instagram.com/gerrybrooksprin/,Teacher,Tatam,reel,https://www.instagram.com/reel/DKR_8L_Nd_A/,https://tripleten.com/special/free-career-consultation/?utm_channel=influencers&utm_source=influencers&utm_medium=instagram&utm_campaign=influencers_gerrybrooksprin0525&utm_content=reels,influencers_gerrybrooksprin0525,6875.0,200000.0,112000.0,0.56,34.375,61.38392857,0.0012,0.001071429,120.0,,33.33333333,,0.08,,9.6,,416.6666667,,0.2,,1.92,,0.4,,0.768,,,0.2304,,0.3,,,,0.2304,,,,,,,,,,True,instagram_reel,DKR_8L_Nd_A,
2025-05-30,salarytransparentstreet,https://www.instagram.com/salarytransparentstreet/,Interview,Arina,story,salary transparent.mp4,https://tripleten.com/special/free-career-consultation/?utm_channel=influencers&utm_source=influencers&utm_medium=instagram&utm_campaign=influencers_salarytransparentstreet0525&utm_content=stories,influencers_salarytransparentstreet0525,4000.0,50000.0,9500.0,0.19,80.0,421.0526316,0.0012,0.012631579,120.0,1189.0,33.33333333,3.364171573,0.08,0.149705635,9.6,178.0,416.6666667,22.47191011,0.2,0.601123596,1.92,107.0,0.4,0.074766355,0.768,8.0,0.25,0.2304,2.0,0.3,0.125,1.0,4000.0,0.2304,1.0,,4000.0,1.0,4000.0,1.0,4000.0,1.0,4000.0,False,local_file,,
2025-05-30,simplyy.jamieee,https://www.instagram.com/simplyy.jamieee/,Career,Arina,story,simply.jamie.mp4,https://tripleten.com/special/free-career-consultation/?utm_channel=influencers&utm_source=influencers&utm_medium=instagram&utm_campaign=influencers_simplyy.jamieee0525&utm_content=stories,influencers_simplyy.jamieee0525,3000.0,10000.0,16400.0,1.64,300.0,182.9268293,0.0012,0.003658537,60.0,26.0,66.66666667,153.8461538,0.08,0.038461538,4.8,1.0,833.3333333,4000.0,0.2,0.0,0.96,0.0,0.4,,0.384,0.0,,0.1152,0.0,0.3,,0.0,,0.1152,0.0,,,0.0,,0.0,,0.0,,False,local_file,,
2025-05-30,andrewcodesmith,https://www.instagram.com/andrewcodesmith/,Tech Careers,Arina,story,andrewcodesmith.mp4,https://tripleten.com/special/free-career-consultation/?utm_channel=influencers&utm_source=influencers&utm_medium=instagram&utm_campaign=influencers_andrewcodesmith0525&utm_content=stories,influencers_andrewcodesmith0525,2000.0,5000.0,8000.0,1.6,400.0,250.0,0.0012,0.003,24.0,26.0,41.66666667,38.46153846,0.08,0.038461538,1.92,1.0,520.8333333,1000.0,0.2,0.0,0.384,0.0,0.4,,0.1536,0.0,,0.04608,0.0,0.3,,0.0,,0.04608,0.0,,,0.0,,0.0,,0.0,,False,local_file,,
2025-05-22,thelonesol,https://www.instagram.com/thelonesol,Travel,Arina,reel,https://www.instagram.com/reel/DJ7GJ35uWke/,https://tripleten.com/special/free-career-consultation/?utm_channel=influencers&utm_source=influencers&utm_medium=instagram&utm_campaign=influencers_thelonesol0525reel&utm_content=reel,influencers_thelonesol0525reel,4000.0,20000.0,15900.0,0.795,200.0,251.572327,0.0012,0.001509434,24.0,64.0,166.6666667,62.5,0.08,0.078125,1.92,5.0,2083.333333,800.0,0.2,0.2,0.384,1.0,0.4,0.0,0.1536,0.0,,0.04608,0.0,0.3,,0.0,,0.04608,0.0,,,0.0,,0.0,,0.0,,True,instagram_reel,DJ7GJ35uWke,
2025-05-26,ChrisHytha,https://www.youtube.com/@ChrisHytha/videos,Hobby,Masha,youtube,https://youtu.be/xYQU7eifA44?si=pnfouMz7fuvWRdbX&t=625,https://tripleten.com/special/free-career-consultation/?utm_campaign=influencers_chrishytha0525&utm_medium=youtube&utm_source=influencers&utm_content=youtube,influencers_chrishytha0525,4000.0,63000.0,47000.0,0.746031746,63.49206349,85.10638298,0.0012,0.001608511,75.6,61.0,52.91005291,65.57377049,0.08,0.163934426,6.048,10.0,661.3756614,400.0,0.2,0.2,1.2096,2.0,0.4,0.5,0.48384,1.0,0.0,0.145152,0.0,0.3,1.0,1.0,4000.0,0.145152,1.0,,4000.0,1.0,4000.0,1.0,4000.0,1.0,4000.0,True,youtube,xYQU7eifA44,625.0
2025-05-26,NewRockstars,https://www.youtube.com/@NewRockstars/featured,Movies,Masha,youtube,https://youtu.be/OgLcgfJi0_I?si=cx2I2xL8BNqQd2Mq&t=812,https://tripleten.com/special/free-tech-career-consultation/?utm_campaign=influencers_newrockstars0525&utm_medium=youtube&utm_source=influencers&utm_content=youtube,influencers_newrockstars0525,9500.0,208000.0,298000.0,1.432692308,45.67307692,31.87919463,0.0012,0.000837584,249.6,322.0,38.06089744,29.50310559,0.08,0.279503106,19.968,90.0,475.7612179,105.5555556,0.2,0.188888889,3.9936,17.0,0.4,0.0,1.59744,0.0,,0.479232,0.0,0.3,,0.0,,0.479232,0.0,,,0.0,,0.0,,0.0,,True,youtube,OgLcgfJi0_I,812.0
2025-06-04,claudiaravioli,https://www.instagram.com/claudiaravioli/,Sketchers,Arina,story,Claudiaravioly.mp4,https://tripleten.com/special/free-career-consultation/?utm_channel=influencers&utm_source=influencers&utm_medium=instagram&utm_campaign=influencers_claudiaravioli0625&utm_content=stories,influencers_claudiaravioli0525,2500.0,30000.0,15000.0,0.5,83.33333333,166.6666667,0.0014,0.0028,42.0,105.0,59.52380952,23.80952381,0.08,0.114285714,3.36,12.0,744.047619,208.3333333,0.2,0.75,0.672,9.0,0.4,0.222222222,0.2688,2.0,0.5,0.1344,1.0,0.3,0.0,0.0,,0.08064,0.0,,,0.0,,0.0,,0.0,,False,local_file,,
2025-06-06,antiworkgirlboss,https://www.instagram.com/antiworkgirlboss/,Career,Tatam,story,https://drive.google.com/drive/folders/1XEUfS46DptOzKfcmzpOZmUVhGczpPJMK,https://tripleten.com/special/free-career-consultation/?utm_channel=influencers&utm_source=influencers&utm_medium=instagram&utm_campaign=influencers_influencers_antiworkgirlboss0525&utm_content=reel,influencers_antiworkgirlboss0625,2500.0,20000.0,3300.0,0.165,125.0,757.5757576,0.0014,0.008484848,28.0,67.0,89.28571429,37.31343284,0.08,0.074626866,2.24,5.0,1116.071429,500.0,0.2,0.2,0.448,1.0,0.4,0.0,0.1792,0.0,,0.0,0.0,0.3,,0.0,,0.05376,0.0,,,0.0,,0.0,,0.0,,True,drive_link,,
2025-06-07,jrob0021,https://www.youtube.com/@jrob0021/videos,Gaming,Tatam,youtube,https://youtu.be/AJRO-QhSYpw?si=3YGh-gENgB_ZlG6r&t=210,,influencers_jacobr0625,5000.0,214000.0,151000.0,0.705607477,23.36448598,33.11258278,0.0014,0.001984106,299.6,119.0,16.68891856,42.01680672,0.08,0.117647059,23.968,14.0,208.611482,357.1428571,0.2,0.428571429,4.7936,6.0,0.4,0.0,1.91744,0.0,,0.0,0.0,0.3,,0.0,,0.575232,0.0,,,0.0,,0.0,,0.0,,True,youtube,AJRO-QhSYpw,210.0
2025-06-08,dantorp11,https://www.youtube.com/dantorp11/videos,Travel,Tatam,youtube,https://youtu.be/lUHSAkbzcEk?si=2vsiwcEvORs5b-eA&t=506,,influencers_nonstopdan0625,9000.0,196000.0,455000.0,2.321428571,45.91836735,19.78021978,0.0014,0.000603077,274.4,600.0,32.79883382,15.0,0.08,0.085,21.952,51.0,409.9854227,176.4705882,0.2,0.235294118,4.3904,12.0,0.4,0.0,1.75616,0.0,,0.0,0.0,0.3,,0.0,,0.526848,0.0,,,0.0,,0.0,,0.0,,True,youtube,lUHSAkbzcEk,506.0
2025-06-10,danpulzello,https://www.instagram.com/danpulzello/,Sketchers,Arina,reel,https://www.instagram.com/reel/DKw9IDzs65B/,https://tripleten.com/special/free-career-consultation/?utm_channel=influencers&utm_source=influencers&utm_medium=instagram&utm_campaign=influencers_danpulzello0625reels&utm_content=reels,influencers_danpulzello0625reels,3500.0,70000.0,48000.0,0.685714286,50.0,72.91666667,0.0014,0.002041667,98.0,64.0,35.71428571,54.6875,0.08,0.09375,7.84,6.0,446.4285714,583.3333333,0.2,0.166666667,1.568,1.0,0.4,0.0,0.6272,0.0,,0.0,0.0,0.3,,0.0,,0.18816,0.0,,,0.0,,0.0,,0.0,,True,instagram_reel,DKw9IDzs65B,
2025-06-10,danpulzello,https://www.instagram.com/danpulzello/,Sketchers,Arina,story,danpulzello.mp4,https://tripleten.com/special/free-career-consultation/?utm_channel=influencers&utm_source=influencers&utm_medium=instagram&utm_campaign=influencers_danpulzello0625&utm_content=stories,influencers_danpulzello0625,500.0,10000.0,7000.0,0.7,50.0,71.42857143,0.0014,0.002,14.0,34.0,35.71428571,14.70588235,0.08,0.029411765,1.12,1.0,446.4285714,500.0,0.2,0.0,0.224,0.0,0.4,,0.0896,0.0,,0.0,0.0,0.3,,0.0,,0.02688,0.0,,,0.0,,0.0,,0.0,,False,local_file,,
2025-06-12,mamas.on.a.budget,https://www.instagram.com/mamas.on.a.budget,Finance,Arina,story,mamas.on.a.budget.mp4,https://tripleten.com/special/free-career-consultation/?utm_channel=influencers&utm_source=influencers&utm_medium=instagram&utm_campaign=influencers_mamas.on.a.budget0625&utm_content=stories,influencers_mamas.on.a.budget0625,2000.0,20000.0,7000.0,0.35,100.0,285.7142857,0.0014,0.004,28.0,456.0,71.42857143,4.385964912,0.08,0.164473684,2.24,75.0,892.8571429,26.66666667,0.2,0.36,0.448,27.0,0.4,0.148148148,0.1792,4.0,0.0,0.0,0.0,0.3,0.0,0.0,,0.05376,0.0,,,0.0,,0.0,,0.0,,False,local_file,,
2025-06-15,savagegeese,https://www.youtube.com/@savagegeese/videos,Auto,Masha,youtube,https://youtu.be/DY3lZ-QG6b8?si=hks8b2v6C7-_l2Oz&t=238,,influencers_savagegeese0625,4000.0,126500.0,185000.0,1.462450593,31.62055336,21.62162162,0.0014,0.000957297,177.1,362.0,22.58610954,11.04972376,0.08,0.160220994,14.168,58.0,282.3263693,68.96551724,0.2,0.224137931,2.8336,13.0,0.4,0.153846154,1.13344,2.0,0.0,0.0,0.0,0.3,0.0,0.0,,0.340032,0.0,,,0.0,,0.0,,0.0,,True,youtube,DY3lZ-QG6b8,238.0
2025-06-17,jerryjhlee,https://www.instagram.com/jerryjhlee/,Career,Arina,reel,https://www.instagram.com/reel/DLBDkLqTw2S/,https://tripleten.com/special/free-career-consultation/?utm_channel=influencers&utm_source=influencers&utm_medium=instagram&utm_campaign=influencers_jerryjhlee0625&utm_content=reelss,influencers_jerryjhlee0625,8000.0,100000.0,113000.0,1.13,80.0,70.79646018,0.0014,0.001238938,140.0,128.0,57.14285714,62.5,0.08,0.0625,11.2,8.0,714.2857143,1000.0,0.2,0.5,2.24,4.0,0.4,0.25,0.896,1.0,0.0,0.0,0.0,0.3,0.0,0.0,,0.2688,0.0,,,0.0,,0.0,,0.0,,True,instagram_reel,DLBDkLqTw2S,
2025-06-18,AnaPsychology,https://www.youtube.com/@AnaPsychology/videos,Mental Health,Masha,youtube,https://youtu.be/cYLJqWmHzds?si=VOg-3m6kjbofmvIb&t=376,,influencers_anapsychology0625,2900.0,41000.0,27000.0,0.658536585,70.73170732,107.4074074,0.0014,0.002125926,57.4,65.0,50.52264808,44.61538462,0.08,0.292307692,4.592,19.0,631.533101,152.6315789,0.2,0.526315789,0.9184,10.0,0.4,0.1,0.36736,1.0,1.0,0.36736,1.0,0.3,0.0,0.0,,0.110208,0.0,,,0.0,,0.0,,0.0,,True,youtube,cYLJqWmHzds,376.0
2025-06-18,Bitwit,https://www.youtube.com/@Bitwit,Tech,Tatam,youtube,https://youtu.be/BXjYhfwTSMw?si=A4iAOOVSraBmBK7S&t=87,,influencers_bitwit0625,3750.0,214000.0,158000.0,0.738317757,17.52336449,23.73417722,0.0014,0.001896203,299.6,268.0,12.51668892,13.99253731,0.08,0.160447761,23.968,43.0,156.4586115,87.20930233,0.2,0.395348837,4.7936,17.0,0.4,0.058823529,1.91744,1.0,1.0,1.91744,1.0,0.3,1.0,1.0,3750.0,0.575232,1.0,,3750.0,1.0,3750.0,1.0,3750.0,1.0,3750.0,True,youtube,BXjYhfwTSMw,87.0
2025-06-19,corporatedropout_confessions,https://www.instagram.com/corporatedropout_confessions/reels/,Career,Tatam,reel,https://www.instagram.com/reel/DLQjHqgSUgd/,,influencers_corporatedropout_confessions0625,750.0,27000.0,10100.0,0.374074074,27.77777778,74.25742574,0.0014,0.003742574,37.8,67.0,19.84126984,11.19402985,0.08,0.059701493,3.024,4.0,248.015873,187.5,0.2,0.75,0.6048,3.0,0.4,0.333333333,0.24192,1.0,0.0,0.0,0.0,0.3,0.0,0.0,,0.072576,0.0,,,0.0,,0.0,,0.0,,True,instagram_reel,DLQjHqgSUgd,
2025-06-26,joerauth,https://www.instagram.com/joerauth/,Sketchers,Arina,reel,https://www.instagram.com/reel/DLTSkn9SJId/,https://tripleten.com/special/free-career-consultation/?utm_channel=influencers&utm_source=influencers&utm_medium=instagram&utm_campaign=influencers_joerauth0625reels&utm_content=reels,influencers_joerauth0625reels,4000.0,269500.0,217000.0,0.805194805,14.84230056,18.43317972,0.0014,0.00173871,377.3,181.0,10.60164325,22.09944751,0.08,0.038674033,30.184,7.0,132.5205407,571.4285714,0.2,0.571428571,6.0368,4.0,0.4,0.25,2.41472,1.0,0.0,0.0,0.0,0.3,0.0,0.0,,0.724416,0.0,,,0.0,,0.0,,0.0,,True,instagram_reel,DLTSkn9SJId,
2025-06-26,joerauth_,https://www.tiktok.com/@joerauth_,Sketchers,Arina,tiktok,https://www.tiktok.com/@joerauth_/video/7519656272111652126,https://tripleten.com/special/free-career-consultation/?utm_channel=influencers&utm_source=influencers&utm_medium=tiktok&utm_campaign=influencers_joerauth0625reels&utm_content=video,influencers_joerauth0625reels,8000.0,386500.0,234500.0,0.606727038,20.69857697,34.11513859,0.0014,0.002307463,541.1,181.0,14.78469784,44.19889503,0.08,0.038674033,43.288,7.0,184.808723,1142.857143,0.2,0.571428571,8.6576,4.0,0.4,0.25,3.46304,1.0,0.0,0.0,0.0,0.3,0.0,0.0,,1.038912,0.0,,,0.0,,0.0,,0.0,,True,tiktok,7519656272111652126,
2025-06-26,suleymandolaev,https://www.instagram.com/suleymandolaev/,Interview,Arina,reel,https://www.instagram.com/reel/DLVHNM6xQkX/,https://tripleten.com/special/free-career-consultation/?utm_channel=influencers&utm_source=influencers&utm_medium=instagram&utm_campaign=influencers_suleymandolaev0625&utm_content=rees,influencers_suleymandolaev0625,9000.0,203000.0,334000.0,1.645320197,44.33497537,26.94610778,0.0014,0.000850898,284.2,266.0,31.66783955,33.83458647,0.08,0.093984962,22.736,25.0,395.8479944,360.0,0.2,0.4,4.5472,10.0,0.4,0.3,1.81888,3.0,0.0,0.0,0.0,0.3,0.0,0.0,,0.545664,0.0,,,0.0,,0.0,,0.0,,True,instagram_reel,DLVHNM6xQkX,
2025-06-27,HealthyGamerGG,https://www.youtube.com/@HealthyGamerGG,Mental Health,Masha,youtube,https://www.youtube.com/watch?v=o-9aumQSTXA&t=322s,https://tripleten.com/special/free-career-consultation/?utm_campaign=influencers_healthygamer0625&utm_medium=youtube&utm_source=influencers&utm_content=youtube,influencers_healthygamer0625,23000.0,243000.0,90000.0,0.37037037,94.65020576,255.5555556,0.0014,0.00378,340.2,139.0,67.60728983,165.4676259,0.08,0.223021583,27.216,31.0,845.0911229,741.9354839,0.2,0.258064516,5.4432,8.0,0.4,0.125,2.17728,1.0,0.0,0.0,0.0,0.3,0.0,0.0,,0.653184,0.0,,,0.0,,0.0,,0.0,,True,youtube,o-9aumQSTXA,322.0
2025-06-28,NORTH02,https://www.youtube.com/@NORTH02,History,Tatam,youtube,https://www.youtube.com/watch?v=ocJwy10ZZ6Q&t=378s, https://get.tripleten.com/north02,influencers_north020625,6250.0,150000.0,128000.0,0.853333333,41.66666667,48.828125,0.0014,0.001640625,210.0,116.0,29.76190476,53.87931034,0.08,0.120689655,16.8,14.0,372.0238095,446.4285714,0.2,0.5,3.36,7.0,0.4,0.285714286,1.344,2.0,1.0,1.344,2.0,0.3,0.0,0.0,,0.4032,0.0,,,0.0,,0.0,,0.0,,True,youtube,ocJwy10ZZ6Q,378.0
2025-06-27,FilmJunk1e,https://www.youtube.com/@FilmJunk1e/featured,Movies,Masha,youtube,https://www.youtube.com/watch?v=-W6VGKdYuDg&t=196s,https://get.tripleten.com/filmjunkie,influencers_filmjunkie0625,1080.0,334000.0,54000.0,0.161676647,3.233532934,20.0,0.0014,0.008659259,467.6,360.0,2.309666382,3.0,0.08,0.222222222,37.408,80.0,28.87082977,13.5,0.2,0.175,7.4816,14.0,0.4,0.071428571,2.99264,1.0,1.0,2.99264,1.0,0.3,0.0,0.0,,0.897792,0.0,,,0.0,,0.0,,0.0,,True,youtube,-W6VGKdYuDg,196.0
2025-06-27,anjali.gama,https://www.instagram.com/anjali.gama/,Career,Tatam,reel,https://www.instagram.com/reel/DLbOa49RcP5/,,influencers_anjali.gama0625,2500.0,74000.0,98000.0,1.324324324,33.78378378,25.51020408,0.0014,0.001057143,103.6,222.0,24.13127413,11.26126126,0.08,0.09009009,8.288,20.0,301.6409266,125.0,0.2,0.45,1.6576,9.0,0.4,0.333333333,0.66304,3.0,0.0,0.0,0.0,0.3,0.0,0.0,,0.198912,0.0,,,0.0,,0.0,,0.0,,True,instagram_reel,DLbOa49RcP5,
2025-06-27,healthygamer_gg,https://www.instagram.com/healthygamer_gg/,Mental Health,Arina,reel,https://www.instagram.com/reel/DLfMW9DB1hI/,https://tripleten.com/special/free-career-consultation/?utm_campaign=influencers_healthygamer0625&utm_medium=youtube&utm_source=influencers&utm_content=youtube&fbclid=PAZXh0bgNhZW0CMTEAAadn3fi0pVIdzRpgalUBOyBz-TRAU8yHoZhDneKDtxAE-cBgQKNxiCh5fb80qw_aem_O9ksCJAEm91wNOrj2ZC7rg,influencers_healthygamer0625,0.0,38000.0,22900.0,0.602631579,0.0,0.0,0.0014,0.002323144,53.2,139.0,0.0,0.0,0.08,0.223021583,4.256,31.0,0.0,0.0,0.2,0.258064516,0.8512,8.0,0.4,0.125,0.34048,1.0,0.0,0.0,0.0,0.3,0.0,0.0,,0.102144,0.0,,,0.0,,0.0,,0.0,,True,instagram_reel,DLfMW9DB1hI,
2025-06-30,Th3Jez,https://www.youtube.com/@Th3Jez/videos,Gaming,Tatam,youtube,https://youtu.be/BaJ6TZOJ9HI?si=AIVUIfNY5GFwInIm&t=250,,influencers_jez020625,2000.0,80000.0,326000.0,4.075,25.0,6.134969325,0.0014,0.000343558,112.0,260.0,17.85714286,7.692307692,0.08,0.196153846,8.96,51.0,223.2142857,39.21568627,0.2,0.450980392,1.792,23.0,0.4,0.260869565,0.7168,6.0,0.666666667,0.477866667,4.0,0.3,0.166666667,1.0,2000.0,0.21504,1.0,,2000.0,1.0,2000.0,1.0,2000.0,1.0,2000.0,True,youtube,BaJ6TZOJ9HI,250.0
2025-07-02,whitneywaythore,https://www.instagram.com/whitneywaythore/,Lifestyle,Tatam,reel,https://www.instagram.com/reel/DLtDTVOC8aW/,https://tripleten.com/special/free-career-consultation/?utm_channel=influencers&utm_source=influencers&utm_medium=instagram&utm_campaign=influencers_whitneywaythore0725&utm_content=reels,influencers_whitneywaythore0725,4781.0,365000.0,605000.0,1.657534247,13.09863014,7.902479339,0.0014,0.000844628,511.0,594.0,9.356164384,8.048821549,0.08,0.031986532,40.88,19.0,116.9520548,251.6315789,0.2,0.631578947,8.176,12.0,0.4,0.0,3.2704,0.0,0.45,1.47168,0.0,0.3,,0.0,,0.98112,0.0,,,0.0,,0.0,,0.0,,True,instagram_reel,DLtDTVOC8aW,
2025-07-05,realsamjarman,https://www.instagram.com/realsamjarman/,Finance,Fellowers,reel,https://www.instagram.com/reel/DLqGu5rRbtW/,https://get.tripleten.com/realsamjarman,influencers_realsamjarman0725,3380.0,136000.0,40000.0,0.294117647,24.85294118,84.5,0.0014,0.00476,190.4,63.0,17.75210084,53.65079365,0.2,0.111111111,38.08,7.0,88.7605042,482.8571429,0.2,0.571428571,7.616,4.0,0.3,0.0,2.2848,0.0,0.45,1.02816,0.0,0.3,,0.0,,0.68544,0.0,,,0.0,,0.0,,0.0,,True,instagram_reel,DLqGu5rRbtW,
2025-07-06,RachelleinTheory,https://www.youtube.com/@RachelleinTheory/videos,Self Development,Tatam,youtube,https://www.youtube.com/watch?v=6Oi7ifaNDxg,https://tripleten.com/special/free-career-consultation/?utm_campaign=influencers_rachelleintheory0725&utm_medium=youtube&utm_source=influencers&utm_content=youtube,influencers_rachelleintheory0725,1000.0,28000.0,12000.0,0.428571429,35.71428571,83.33333333,0.0015,0.0035,42.0,42.0,23.80952381,23.80952381,0.2,0.071428571,8.4,3.0,119.047619,333.3333333,0.2,1.0,1.68,3.0,0.3,0.0,0.504,0.0,0.45,0.2268,0.0,0.3,,0.0,,0.1512,0.0,,,0.0,,0.0,,0.0,,True,youtube,6Oi7ifaNDxg,
2025-07-07,sidney_morss,https://www.instagram.com/sidney_morss/,Sketchers,Fellowers,reel,https://www.instagram.com/reel/DL0freTyCaW/,https://get.tripleten.com/sidney_morss,influencers_influencers_sidney_morss0725,5200.0,134000.0,34000.0,0.253731343,38.80597015,152.9411765,0.0014,0.005517647,187.6,141.0,27.71855011,36.87943262,0.2,0.028368794,37.52,4.0,138.5927505,1300.0,0.2,0.25,7.504,1.0,0.3,0.0,2.2512,0.0,0.45,1.01304,0.0,0.3,,0.0,,0.67536,0.0,,,0.0,,0.0,,0.0,,True,instagram_reel,DL0freTyCaW,
2025-07-08,andrewsdailyday,https://www.instagram.com/andrewsdailyday/,Lifestyle,Arina,reel,https://www.instagram.com/reel/DL3WQJmuJu-/,https://tripleten.com/special/free-career-consultation/?utm_channel=influencers&utm_source=influencers&utm_medium=instagram&utm_campaign=influencers_andrewsdailyday0725reels&utm_content=reels,influencers_andrewsdailyday0725reels,7000.0,200000.0,128000.0,0.64,35.0,54.6875,0.0014,0.0021875,280.0,103.0,25.0,67.96116505,0.2,0.067961165,56.0,7.0,125.0,1000.0,0.2,0.0,11.2,0.0,0.3,,3.36,0.0,0.45,1.512,0.0,0.3,,0.0,,1.008,0.0,,,0.0,,0.0,,0.0,,True,instagram_reel,DL3WQJmuJu-,
2025-07-08,andrewsdailyday,https://www.instagram.com/andrewsdailyday/,Lifestyle,Arina,story,andrewsdailyday.mp4,https://tripleten.com/special/free-career-consultation/?utm_channel=influencers&utm_source=influencers&utm_medium=instagram&utm_campaign=influencers_andrewsdailyday0725&utm_content=stories,influencers_andrewsdailyday0725,3000.0,50000.0,56000.0,1.12,60.0,53.57142857,0.0014,0.00125,70.0,1743.0,42.85714286,1.721170396,0.2,0.063683305,14.0,111.0,214.2857143,27.02702703,0.2,0.567567568,2.8,63.0,0.3,0.349206349,0.84,22.0,0.45,0.378,4.0,0.3,0.0,0.0,,0.252,0.0,,,0.0,,0.0,,0.0,,False,local_file,,
2025-07-13,oddlyspecificcrystal,https://www.youtube.com/@oddlyspecificcrystal/featured,Self Development,Masha,youtube,https://youtu.be/5e_NZXekfkQ?si=vqderFTRPqh5qy1n&t=508,Learn a new job in tech starting from $200/mo! Sign up for a FREE TripleTen career consultation with my link:  https://get.tripleten.com/crystal,influencers_oddlyspecificcrystal0725,4750.0,121000.0,161000.0,1.330578512,39.25619835,29.50310559,0.0015,0.001127329,181.5,5538.0,26.1707989,0.857710365,0.2,0.096244131,36.3,533.0,130.8539945,8.911819887,0.2,0.202626642,7.26,108.0,0.3,0.101851852,2.178,11.0,0.45,0.9801,5.0,0.3,0.181818182,2.0,2375.0,0.6534,2.0,,2375.0,2.0,2375.0,2.0,2375.0,2.0,,True,youtube,5e_NZXekfkQ,508.0
2025-07-17,asaparked,https://www.youtube.com/@asaparked/videos,Hobby,Mediacube,youtube,https://youtu.be/hu3ohMHUm54?si=r2js0LJIqQeK0Pxr&t=203,Learn a new job in tech starting from $200/mo! Sign up for a FREE TripleTen career consultation with my link: https://get.tripleten.com/asaparked,influencers_asaparked0725,700.0,175000.0,33000.0,0.188571429,4.0,21.21212121,0.0015,0.007954545,262.5,176.0,2.666666667,3.977272727,0.2,0.085227273,52.5,15.0,13.33333333,46.66666667,0.2,0.466666667,10.5,7.0,0.3,0.428571429,3.15,3.0,0.45,1.4175,1.0,0.3,0.0,0.0,,0.945,0.0,,,0.0,,0.0,,0.0,,True,youtube,hu3ohMHUm54,203.0
2025-07-19,TwoBitDaVinci,https://www.youtube.com/@TwoBitDaVinci/videos,Knowledge,Tatam,youtube,https://youtu.be/jrP7buPo2yA?si=u6Er0thtBoPzM5jB&t=266,,influencers_twobitdavinci0725,10625.0,130000.0,132000.0,1.015384615,81.73076923,80.49242424,0.0015,0.001477273,195.0,216.0,54.48717949,49.18981481,0.2,0.101851852,39.0,22.0,272.4358974,482.9545455,0.2,0.272727273,7.8,6.0,0.3,0.333333333,2.34,2.0,0.45,1.053,0.0,0.3,0.0,0.0,,0.702,0.0,,,0.0,,0.0,,0.0,,True,youtube,jrP7buPo2yA,266.0
2025-07-21,lyllistapper,https://www.instagram.com/lyllistapper,Mental Health,Arina,story,Lyllistapper.mp4,https://tripleten.com/special/free-career-consultation/?utm_channel=influencers&utm_source=influencers&utm_medium=instagram&utm_campaign=influencers_lyllistapper0725&utm_content=stories,influencers_lyllistapper0725,3500.0,50000.0,44000.0,0.88,70.0,79.54545455,0.0015,0.001704545,75.0,128.0,46.66666667,27.34375,0.2,0.046875,15.0,6.0,233.3333333,583.3333333,0.2,0.333333333,3.0,2.0,0.3,0.0,0.9,0.0,0.45,0.405,0.0,0.3,,0.0,,0.27,0.0,,,0.0,,0.0,,0.0,,False,local_file,,
2025-07-21,lyllistapper,https://www.instagram.com/lyllistapper,Mental Health,Arina,reel,https://www.instagram.com/reel/DMYg9CLBZSw/,https://tripleten.com/special/free-career-consultation/?utm_channel=influencers&utm_source=influencers&utm_medium=instagram&utm_campaign=influencers_lyllistapper0725reels&utm_content=reels,influencers_lyllistapper0725reels,8000.0,200000.0,161000.0,0.805,40.0,49.68944099,0.0015,0.001863354,300.0,10789.0,26.66666667,0.741495968,0.2,0.002131801,60.0,23.0,133.3333333,347.826087,0.2,0.304347826,12.0,7.0,0.3,0.0,3.6,0.0,0.45,1.62,0.0,0.3,,0.0,,1.08,0.0,,,0.0,,0.0,,0.0,,True,instagram_reel,DMYg9CLBZSw,
2025-07-22,ReelRejects,https://www.youtube.com/@ReelRejects,Movies,Mediacube,youtube,https://youtu.be/VJ_6U6UuYYY?si=x8ws60qwYMkHGHge&t=168,Learn a new job in tech starting from $200/mo! Sign up for a FREE TripleTen career consultation with my link: https://get.tripleten.com/reelrejects,influencers_reelrejects0725,4100.0,48000.0,185000.0,3.854166667,85.41666667,22.16216216,0.0015,0.000389189,72.0,45.0,56.94444444,91.11111111,0.2,0.044444444,14.4,2.0,284.7222222,2050.0,0.2,1.0,2.88,2.0,0.3,0.0,0.864,0.0,0.45,0.3888,0.0,0.3,,0.0,,0.2592,0.0,,,0.0,,0.0,,0.0,,True,youtube,VJ_6U6UuYYY,168.0
2025-07-19,thebrok,https://www.instagram.com/thebrok/,Sketchers,Fellowers,reel,https://www.instagram.com/reel/DMbXI6HylAa/?utm_source=ig_web_copy_link&igsh=MzRlODBiNWFlZA%3D%3D,https://tripleten.com/special/free-career-consultation/?utm_campaign=influencers_thebrok0725&utm_medium=Instagram&utm_source=influencers&utm_content=reel,influencers_thebrok0725,6500.0,350000.0,738000.0,2.108571429,18.57142857,8.807588076,0.0015,0.000711382,525.0,66.0,12.38095238,98.48484848,0.2,0.03030303,105.0,2.0,61.9047619,3250.0,0.2,0.5,21.0,1.0,0.3,0.0,6.3,0.0,0.45,2.835,0.0,0.3,,0.0,,1.89,0.0,,,0.0,,0.0,,0.0,,True,instagram_reel,DMbXI6HylAa,
2025-07-20,thebrok,https://www.instagram.com/thebrok/,Sketchers,Fellowers,story,bonus repost,https://tripleten.com/special/free-career-consultation/?utm_channel=influencers&utm_source=influencers&utm_medium=instagram&utm_campaign=influencers_thebrok0725stories&utm_content=stories,influencers_thebrok0725stories,0.0,20000.0,20000.0,1.0,0.0,0.0,0.0015,0.0015,30.0,63.0,0.0,0.0,0.2,0.031746032,6.0,2.0,0.0,0.0,0.2,0.0,1.2,0.0,0.3,,0.36,0.0,0.45,0.162,0.0,0.3,,0.0,,0.108,0.0,,,0.0,,0.0,,0.0,,False,local_file,,
2025-07-24,_chelsthomas,https://www.instagram.com/_chelsthomas/reels/,Parents,Arina,reel,https://www.instagram.com/reel/DMfkOHHR94h/,https://tripleten.com/special/free-career-consultation/?utm_channel=influencers&utm_source=influencers&utm_medium=instagram&utm_campaign=influencers_chelsthomas0725reels&utm_content=reels,influencers_chelsthomas0725reels,2500.0,50000.0,36700.0,0.734,50.0,68.11989101,0.0015,0.002043597,75.0,47.0,33.33333333,53.19148936,0.2,0.14893617,15.0,7.0,166.6666667,357.1428571,0.2,1.0,3.0,7.0,0.3,0.142857143,0.9,1.0,0.45,0.405,0.0,0.3,0.0,0.0,,0.27,0.0,,,0.0,,0.0,,0.0,,True,instagram_reel,DMfkOHHR94h,
2025-07-25,_chelsthomas,https://www.instagram.com/_chelsthomas/reels/,Parents,Arina,story,_chelsthomas.mp4,https://tripleten.com/special/free-career-consultation/?utm_channel=influencers&utm_source=influencers&utm_medium=instagram&utm_campaign=influencers_chelsthomas0725&utm_content=stories,influencers_chelsthomas0725,700.0,7000.0,10000.0,1.428571429,100.0,70.0,0.0015,0.00105,10.5,37.0,66.66666667,18.91891892,0.2,0.054054054,2.1,2.0,333.3333333,350.0,0.2,0.0,0.42,0.0,0.3,,0.126,0.0,0.45,0.0567,0.0,0.3,,0.0,,0.0378,0.0,,,0.0,,0.0,,0.0,,False,local_file,,
2025-07-30,jonathanwordsofwisdom,https://www.instagram.com/jonathanwordsofwisdom/,Career,Arina,story,Jonathanwordsofwisdom.mp4,https://tripleten.com/special/free-career-consultation/?utm_channel=influencers&utm_source=influencers&utm_medium=instagram&utm_campaign=influencers_jonathanwordsofwisdom0725&utm_content=stories,influencers_jonathanwordsofwisdom0725,2000.0,20000.0,9800.0,0.49,100.0,204.0816327,0.0015,0.003061224,30.0,184.0,66.66666667,10.86956522,0.2,0.119565217,6.0,22.0,333.3333333,90.90909091,0.2,0.409090909,1.2,9.0,0.3,0.111111111,0.36,1.0,0.45,0.162,1.0,0.3,0.0,0.0,,0.108,0.0,,,0.0,,0.0,,0.0,,False,local_file,,
2025-07-28,jerryjhlee,https://www.instagram.com/jerryjhlee/,Career,Arina,story,Jerryhlee.mp4,https://tripleten.com/special/free-career-consultation/?utm_channel=influencers&utm_source=influencers&utm_medium=instagram&utm_campaign=influencers_jerryjhlee0725&utm_content=stories,influencers_jerryjhlee0725,3000.0,30000.0,28000.0,0.933333333,100.0,107.1428571,0.0015,0.001607143,45.0,209.0,66.66666667,14.35406699,0.2,0.057416268,9.0,12.0,333.3333333,250.0,0.2,0.333333333,1.8,4.0,0.3,0.25,0.54,1.0,0.45,0.243,0.0,0.3,0.0,0.0,,0.162,0.0,,,0.0,,0.0,,0.0,,False,local_file,,
2025-08-08,ninjatechyousaf,https://www.youtube.com/@ninjatechyousaf/videos,AI,Masha,youtube,https://youtu.be/-mEWu3rFqI8?si=RAIjeHkCZ0D0_8ZZ&t=108,Learn a new job in tech starting from $200/mo! Sign up for a FREE TripleTen career consultation with my link:  https://get.tripleten.com/ninjatech,influencers_youtube_ninjatech0825,5000.0,130000.0,119000.0,0.915384615,38.46153846,42.01680672,0.0015,0.001638655,195.0,106.0,25.64102564,47.16981132,0.2,0.169811321,39.0,18.0,128.2051282,277.7777778,0.42,0.333333333,16.38,6.0,0.3,0.666666667,4.914,4.0,0.45,2.2113,0.0,0.3,0.0,0.0,,1.4742,0.0,,,0.0,,0.0,,0.0,,True,youtube,-mEWu3rFqI8,108.0
2025-08-08,oliviamarieplath,https://www.instagram.com/oliviamarieplath/reels/,Lifestyle,Leya,story,https://drive.google.com/drive/folders/1QRAOg9qiRiXIyeHQDoFGR4cW8fI1xUbM,https://tripleten.com/special/free-career-consultation/?utm_campaign=influencers_instagram_oliviamarieplath0825&utm_medium=Instagram&utm_source=influencers&utm_content=story,influencers_instagram_oliviamarieplath0825,1000.0,40000.0,59000.0,1.475,25.0,16.94915254,0.0015,0.001016949,60.0,646.0,16.66666667,1.547987616,0.2,0.052631579,12.0,34.0,83.33333333,29.41176471,0.42,0.5,5.04,17.0,0.3,0.058823529,1.512,1.0,0.45,0.6804,0.0,0.3,0.0,0.0,,0.4536,0.0,,,0.0,,0.0,,0.0,,True,drive_link,,
2025-08-09,AnotherNickYT,https://www.youtube.com/@AnotherNickYT/videos,Movies,Mediacube,youtube,https://youtu.be/sI--h5N6tbo?si=ZaYmxfeBg9Oh-Rp_&t=249,Learn a new job in tech starting from $200/mo! Sign up for a FREE TripleTen career consultation with my link: https://get.tripleten.com/anothernick,influencers_youtube_anothernick0825,4000.0,168000.0,74000.0,0.44047619,23.80952381,54.05405405,0.0015,0.003405405,252.0,28.0,15.87301587,142.8571429,0.2,0.0,50.4,0.0,79.36507937,,0.42,,21.168,0.0,0.3,,6.3504,0.0,0.45,2.85768,0.0,0.3,,0.0,,1.90512,0.0,,,0.0,,0.0,,0.0,,True,youtube,sI--h5N6tbo,249.0
2025-08-11,xylafoxlin,https://www.youtube.com/@xylafoxlin/videos,Knowledge,Masha,youtube,https://youtu.be/pRpCorslQeY?si=L_jbNhEk7vweO-yh&t=286,Learn a new job in tech starting from $200/mo! Sign up for a FREE TripleTen career consultation with my link:  https://get.tripleten.com/xylafoxlin,influencers_youtube_xylafoxlin0825,9000.0,185500.0,304000.0,1.638814016,48.51752022,29.60526316,0.0015,0.000915296,278.25,211.0,32.34501348,42.65402844,0.2,0.09478673,55.65,20.0,161.7250674,450.0,0.42,0.35,23.373,7.0,0.3,0.571428571,7.0119,4.0,0.45,3.155355,0.0,0.3,0.25,1.0,9000.0,2.10357,1.0,,9000.0,1.0,9000.0,1.0,9000.0,1.0,,True,youtube,pRpCorslQeY,286.0
2025-08-11,AnaPsychology,https://www.youtube.com/@AnaPsychology/videos,Mental Health,Mediacube,youtube,https://youtu.be/AxClpbA6VB8?si=d73Mr73rSq8kqFf7&t=156,,influencers_youtube_anapsychology0825,0.0,41000.0,75000.0,1.829268293,0.0,0.0,0.0015,0.00082,61.5,213.0,0.0,0.0,0.2,0.075117371,12.3,16.0,0.0,0.0,0.42,0.25,5.166,4.0,0.3,0.25,1.5498,1.0,0.45,0.69741,1.0,0.3,0.0,0.0,,0.46494,0.0,,,0.0,,0.0,,0.0,,True,youtube,AxClpbA6VB8,156.0
2025-08-15,JosecZuniga,https://www.youtube.com/@JosecZuniga/videos,Self Development,Masha,youtube,https://youtu.be/wMmCpInxRsI?si=DGDVEmKdVYMlp9aX&t=175,Learn a new job in tech starting from $200/mo! Sign up for a FREE TripleTen career consultation with my link:  https://get.tripleten.com/teachingmensfashion,influencers_youtube_teachingmensfashion0825,1638.0,176000.0,61000.0,0.346590909,9.306818182,26.85245902,0.0015,0.004327869,264.0,574.0,6.204545455,2.853658537,0.2,0.137630662,52.8,79.0,31.02272727,20.73417722,0.42,0.392405063,22.176,31.0,0.3,0.290322581,6.6528,9.0,0.45,2.99376,1.0,0.3,0.0,0.0,,1.99584,0.0,,,0.0,,0.0,,0.0,,True,youtube,wMmCpInxRsI,175.0
2025-08-15,Sisyphus55,https://www.youtube.com/@Sisyphus55/videos,Self Development,Mediacube,youtube,https://youtu.be/RD5LdM4qaUI?si=40eSikz-q9ljMUC1&t=216,,influencers_youtube_sisyphus550825,2900.0,70000.0,606000.0,8.657142857,41.42857143,4.785478548,0.0015,0.000173267,105.0,437.0,27.61904762,6.636155606,0.2,0.212814645,21.0,93.0,138.0952381,31.1827957,0.42,0.47311828,8.82,44.0,0.3,0.318181818,2.646,14.0,0.45,1.1907,7.0,0.3,0.071428571,2.0,1450.0,0.7938,1.0,,2900.0,1.0,2900.0,1.0,2900.0,2.0,,True,youtube,RD5LdM4qaUI,216.0
2025-08-16,itsbobbyfinn,https://www.instagram.com/itsbobbyfinn,Teacher,Fellowers,reel,https://www.instagram.com/reel/DNYETpYx5Cx/,https://tripleten.com/special/free-career-consultation/?utm_campaign=influencers_instagram_itsbobbyfinn0825&utm_medium=Instagram&utm_source=influencers&utm_content=reel,influencers_instagram_itsbobbyfinn0825,3900.0,276000.0,260000.0,0.942028986,14.13043478,15.0,0.0015,0.001592308,414.0,112.0,9.420289855,34.82142857,0.2,0.160714286,82.8,18.0,47.10144928,216.6666667,0.42,0.777777778,34.776,14.0,0.3,0.285714286,10.4328,4.0,0.45,4.69476,0.0,0.3,0.0,0.0,,3.12984,0.0,,,0.0,,0.0,,0.0,,True,instagram_reel,DNYETpYx5Cx,
2025-08-17,ColeHastings,https://www.youtube.com/@ColeHastings/videos,Knowledge,Masha,youtube,https://youtu.be/RRcpv0YMoYc?si=edPj8LIYmgUBV0mh&t=131,Learn a new job in tech starting from $200/mo! Sign up for a FREE TripleTen career consultation with my link:  https://get.tripleten.com/colehastings,influencers_youtube_colehastings0825,5000.0,138000.0,180000.0,1.304347826,36.23188406,27.77777778,0.0015,0.00115,207.0,246.0,24.15458937,20.32520325,0.2,0.162601626,41.4,40.0,120.7729469,125.0,0.42,0.4,17.388,16.0,0.3,0.3125,5.2164,5.0,0.45,2.34738,1.0,0.3,0.0,0.0,,1.56492,0.0,,,0.0,,0.0,,0.0,,True,youtube,RRcpv0YMoYc,131.0
2025-08-23,DebunkedOfficial,https://www.youtube.com/@DebunkedOfficial,Knowledge,Mediacube,youtube,https://youtu.be/oFcaX3Qh1a4?si=LGeV4KgwbY47N3XK&t=158,,influencers_youtube_debunked0825,6100.0,150000.0,14000.0,0.093333333,40.66666667,435.7142857,0.0015,0.016071429,225.0,12.0,27.11111111,508.3333333,0.2,0.166666667,45.0,2.0,135.5555556,3050.0,0.42,0.5,18.9,1.0,0.3,1.0,5.67,1.0,0.45,2.5515,0.0,0.3,0.0,0.0,,1.701,0.0,,,0.0,,0.0,,0.0,,True,youtube,oFcaX3Qh1a4,158.0
2025-08-23,WhatIfScienceShow,https://www.youtube.com/@WhatIfScienceShow,Knowledge,Mediacube,youtube,https://youtu.be/wPW0DUmK76Y?si=qURX_tu3OHMcGfCj&t=168,,influencers_youtube_whatif0825,7200.0,244000.0,127000.0,0.520491803,29.50819672,56.69291339,0.0015,0.00288189,366.0,57.0,19.67213115,126.3157895,0.2,0.087719298,73.2,5.0,98.36065574,1440.0,0.42,0.8,30.744,4.0,0.3,0.0,9.2232,0.0,0.45,4.15044,0.0,0.3,,0.0,,2.76696,0.0,,,0.0,,0.0,,0.0,,True,youtube,wPW0DUmK76Y,168.0
2025-08-30,drewtalbert,https://www.instagram.com/drewtalbert/,Career,Leya,reel,https://www.instagram.com/reel/DN-_R27kRM6/?utm_source=ig_web_copy_link&igsh=MXZ1OXl1cGk4MTdidg==,https://tripleten.com/special/free-career-consultation/?utm_campaign=influencers_instagram_drewtalbert0825&utm_medium=instagram&utm_source=influencers&utm_content=reel,influencers_instagram_drewtalbert0825,10000.0,700000.0,626000.0,0.894285714,14.28571429,15.97444089,0.0015,0.001677316,1050.0,320.0,9.523809524,31.25,0.2,0.14375,210.0,46.0,47.61904762,217.3913043,0.42,0.673913043,88.2,31.0,0.3,0.064516129,26.46,2.0,0.45,11.907,1.0,0.3,0.0,0.0,,7.938,0.0,,,0.0,,0.0,,0.0,,True,instagram_reel,DN-_R27kRM6,
2025-08-30,drew_talbert,https://www.tiktok.com/@drew_talbert?,Career,Leya,tiktok,https://www.tiktok.com/@drew_talbert/video/7544243091901926669?is_from_webapp=1&sender_device=pc&web_id=7506118598702188052,https://tripleten.com/special/free-career-consultation/?utm_campaign=influencers_tiktok_drewtalbert0825&utm_medium=TikTok&utm_source=influencers&utm_content=tiktok,influencers_tiktok_drewtalbert0825,5000.0,500000.0,1200000.0,2.4,10.0,4.166666667,0.0015,0.000625,750.0,196.0,6.666666667,25.51020408,0.2,0.178571429,150.0,35.0,33.33333333,142.8571429,0.42,0.457142857,63.0,16.0,0.3,0.1875,18.9,3.0,0.45,8.505,1.0,0.3,0.333333333,1.0,5000.0,5.67,1.0,,5000.0,1.0,5000.0,1.0,5000.0,1.0,,True,tiktok,7544243091901926669,
2025-08-31,ericcouu,https://www.instagram.com/ericcouu,Self Development,Fellowers,reel,https://www.instagram.com/reel/DOCrPI9iac6/?utm_source=ig_web_copy_link,https://tripleten.com/special/free-career-consultation/?utm_campaign=influencers_instagram_ericcouu0825&utm_medium=Instagram&utm_source=influencers&utm_content=Reel,influencers_instagram_ericcouu0825,3900.0,120000.0,65000.0,0.541666667,32.5,60.0,0.0015,0.002769231,180.0,84.0,21.66666667,46.42857143,0.2,0.071428571,36.0,6.0,108.3333333,650.0,0.42,0.333333333,15.12,2.0,,0.5,0.0,1.0,0.45,0.0,0.0,0.3,0.0,0.0,,0.0,0.0,,,0.0,,0.0,,0.0,,True,instagram_reel,DOCrPI9iac6,
2025-09-03,whitneywaythore,https://www.instagram.com/whitneywaythore/,Lifestyle,Tatam,story,https://drive.google.com/file/d/1qSDUnnhYVjrBTzodyGDUhELRo_HHxO35/view?usp=drive_link,,influencers_instagram_whitneywaythore0825,3750.0,100000.0,93000.0,0.93,37.5,40.32258065,0.0015,0.001612903,150.0,995.0,25.0,3.768844221,0.2,0.048241206,30.0,48.0,125.0,78.125,0.2,0.520833333,6.0,25.0,0.3,0.16,1.8,4.0,0.45,0.81,1.0,0.1,0.0,0.0,,0.18,0.0,,,0.0,,0.0,,0.0,,True,drive_link,,
2025-09-03,LukeStephensTV,https://www.youtube.com/@LukeStephensTV,Gaming,Tatam,youtube,https://youtu.be/LqKV9zp-vPI?si=ymgpcJEY5rQ-5mbP&t=194,,influencers_youtube_lukestephens0925,4000.0,200000.0,182000.0,0.91,20.0,21.97802198,0.0015,0.001648352,300.0,317.0,13.33333333,12.61829653,0.2,0.123028391,60.0,39.0,66.66666667,102.5641026,0.2,0.384615385,12.0,15.0,0.3,0.466666667,3.6,7.0,0.45,1.62,5.0,0.1,0.0,0.0,,0.36,0.0,,,0.0,,0.0,,0.0,,True,youtube,LqKV9zp-vPI,194.0
2025-09-09,Bitwit,https://www.youtube.com/@Bitwit,Tech,Tatam,youtube,https://youtu.be/Fsfabf42nHg?si=sYVCl4vQrsz3btkt&t=29,,influencers_youtube_bitwit0925,7500.0,405000.0,234000.0,0.577777778,18.51851852,32.05128205,0.0015,0.002596154,607.5,486.0,12.34567901,15.43209877,0.2,0.141975309,121.5,69.0,61.72839506,108.6956522,0.2,0.405797101,24.3,28.0,0.3,0.25,7.29,7.0,0.45,3.2805,5.0,0.1,0.142857143,1.0,7500.0,0.729,1.0,,7500.0,1.0,7500.0,1.0,7500.0,1.0,,True,youtube,Fsfabf42nHg,29.0
2025-09-10,TwoBitDaVinci,https://www.youtube.com/@TwoBitDaVinci/videos,Knowledge,Tatam,youtube,https://youtu.be/6Ci7CaUnhpg?si=-1i1kwLevdYZ5p8x&t=247,,influencers_youtube_twobitdavinci0925,3750.0,70000.0,30000.0,0.428571429,53.57142857,125.0,0.0015,0.0035,105.0,32.0,35.71428571,117.1875,0.2,0.25,21.0,8.0,178.5714286,468.75,0.2,0.75,4.2,6.0,0.3,0.166666667,1.26,1.0,0.45,0.567,1.0,0.1,0.0,1.0,3750.0,0.126,0.0,,,1.0,3750.0,1.0,3750.0,1.0,,True,youtube,6Ci7CaUnhpg,247.0
2025-09-11,imperfecttaylor,https://www.instagram.com/imperfecttaylor,Finance,Leya,story,https://drive.google.com/file/d/1BYQvwPnz6b0FkevwII5V2ETnAFLNvVdi/view?usp=drive_link,https://tripleten.com/special/free-career-consultation/?utm_campaign=influencers_instagram_imperfecttaylor0825&utm_medium=Instagram&utm_source=influencers&utm_content=Story,influencers_instagram_imperfecttaylor0925stories,7199.0,200000.0,237000.0,1.185,35.995,30.37552743,0.0015,0.001265823,300.0,194.0,23.99666667,37.10824742,0.2,0.051546392,60.0,10.0,119.9833333,719.9,0.2,0.6,12.0,6.0,0.3,0.166666667,3.6,1.0,0.45,1.62,0.0,0.1,1.0,1.0,7199.0,0.36,1.0,,7199.0,1.0,7199.0,1.0,7199.0,1.0,,True,drive_link,,
2025-09-14,DannyZee,https://www.youtube.com/@DannyZee/videos,Auto,Mediacube,youtube,https://youtu.be/Bl3J0reP8BY?si=HmK8_ROvSuciOpyW&t=360,,influencers_youtube_dannyzee0925,8149.0,120000.0,225000.0,1.875,67.90833333,36.21777778,0.0015,0.0008,180.0,204.0,45.27222222,39.94607843,0.2,0.06372549,36.0,13.0,226.3611111,626.8461538,0.2,0.153846154,7.2,2.0,0.3,0.0,2.16,0.0,0.45,0.972,0.0,0.1,,0.0,,0.216,0.0,,,0.0,,0.0,,0.0,,True,youtube,Bl3J0reP8BY,360.0
2025-09-17,imperfecttaylor,https://www.instagram.com/imperfecttaylor,Finance,Leya,reel,https://www.instagram.com/reel/DOr-qwWDmhw/?utm_source=ig_web_copy_link&igsh=eG5oNXA5djkwOTRm,https://tripleten.com/special/free-career-consultation/?utm_campaign=influencers_instagram_imperfecttaylor0825&utm_medium=Instagram&utm_source=influencers&utm_content=Reel,influencers_instagram_imperfecttaylor0925,5900.0,180000.0,247000.0,1.372222222,32.77777778,23.88663968,0.0015,0.001093117,270.0,193.0,21.85185185,30.56994819,0.2,0.134715026,54.0,26.0,109.2592593,226.9230769,0.2,0.384615385,10.8,10.0,0.3,0.2,3.24,2.0,0.45,1.458,1.0,0.1,0.5,1.0,5900.0,0.324,1.0,,5900.0,1.0,5900.0,1.0,5900.0,1.0,,True,instagram_reel,DOr-qwWDmhw,
2025-09-24,lifewithleenor,https://www.instagram.com/lifewithleenor/,AI,Arina,reel,https://www.instagram.com/reel/DO_a44dCW2f/?utm_source=ig_web_copy_link&igsh=ZGczOTN0emdmMjUw,,influencers_instagram_lifewithleenor0925,520.0,15000.0,18000.0,1.2,34.66666667,28.88888889,0.0015,0.00125,22.5,161.0,23.11111111,3.229813665,0.2,0.074534161,4.5,12.0,115.5555556,43.33333333,0.2,0.5,0.9,6.0,0.3,0.333333333,0.27,2.0,0.45,0.1215,0.0,0.1,0.0,0.0,,0.027,0.0,,,0.0,,0.0,,0.0,,True,instagram_reel,DO_a44dCW2f,
2025-09-28,easyactually,https://www.youtube.com/@easyactually,Knowledge,Masha,youtube,https://youtu.be/Sr1p6VkzWAs?si=TMFMUYBn-eROSftH&t=320,,influencers_youtube_easyactually0925,0.0,100000.0,81000.0,0.81,0.0,0.0,0.0015,0.001851852,150.0,58.0,0.0,0.0,0.2,0.120689655,30.0,7.0,0.0,0.0,0.2,0.285714286,6.0,2.0,0.3,0.5,1.8,1.0,0.45,0.81,0.0,0.1,0.0,0.0,,0.18,0.0,,,0.0,,0.0,,0.0,,True,youtube,Sr1p6VkzWAs,320.0
2025-09-30,TheLittlePlatoon,https://www.youtube.com/@TheLittlePlatoon/videos,Movies,Mediacube,youtube,https://youtu.be/-UyhC_yGU8g?si=Vgi9xuPbS8iE2jbd&t=494,,influencers_youtube_thelittleplatoon0925,8000.0,300000.0,204000.0,0.68,26.66666667,39.21568627,0.0015,0.002205882,450.0,444.0,17.77777778,18.01801802,0.2,0.144144144,90.0,64.0,88.88888889,125.0,0.2,0.328125,18.0,21.0,0.3,0.238095238,5.4,5.0,0.45,2.43,1.0,0.1,0.2,1.0,8000.0,0.54,1.0,,8000.0,1.0,8000.0,1.0,8000.0,1.0,,True,youtube,-UyhC_yGU8g,494.0
2025-09-30,lifewithleenor,https://www.instagram.com/lifewithleenor/,AI,Arina,story,https://drive.google.com/file/d/13sxTp15OhmOXWkbsQPVUKW3k7BUvLuKk/view?usp=drive_link,,influencers_instagram_lifewithleenor0925stories,3600.0,200000.0,247000.0,1.235,18.0,14.57489879,0.0015,0.001214575,300.0,98.0,12.0,36.73469388,0.2,0.12244898,60.0,12.0,60.0,300.0,0.2,0.25,12.0,3.0,0.3,0.333333333,3.6,1.0,0.45,1.62,0.0,0.1,0.0,0.0,,0.36,0.0,,,0.0,,0.0,,0.0,,True,drive_link,,
2025-10-10,SwitchandClickOfficial,https://www.youtube.com/@SwitchandClickOfficial/videos,Tech,Mediacube,youtube,https://youtu.be/_L5BpSMCgr4?si=DgyiaaClfgANrHI1&t=314,,influencers_youtube_switchandclick1025,3000.0,80000.0,199000.0,2.4875,37.5,15.07537688,0.0015,0.000603015,120.0,393.0,25.0,7.633587786,0.2,0.132315522,24.0,52.0,125.0,57.69230769,0.2,0.25,4.8,13.0,0.3,0.230769231,1.44,3.0,0.45,0.648,3.0,0.1,0.0,0.0,,0.144,0.0,,,0.0,,0.0,,0.0,,True,youtube,_L5BpSMCgr4,314.0
2025-10-10,Sisyphus55,https://www.youtube.com/@Sisyphus55/videos,Self Development,Mediacube,youtube,https://youtu.be/kN6dtpMUoC0?si=c7_fQEGdkIGCLLRb&t=222,,influencers_youtube_sisyphus551025,2900.0,80000.0,44000.0,0.55,36.25,65.90909091,0.0015,0.002727273,120.0,56.0,24.16666667,51.78571429,0.2,0.160714286,24.0,9.0,120.8333333,322.2222222,0.2,0.444444444,4.8,4.0,0.3,0.5,1.44,2.0,0.45,0.648,1.0,0.1,0.0,0.0,,0.144,0.0,,,0.0,,0.0,,0.0,,True,youtube,kN6dtpMUoC0,222.0
2025-10-11,ProductivePeter,https://www.youtube.com/@ProductivePeter,Self Development,Masha,youtube,https://youtu.be/LvIiXMawoTI?si=Fu1Aa1P1zy3WgHV9&t=144,,influencers_youtube_productivepeter1025,1925.0,10000.0,55000.0,5.5,35.0,35.0,0.0015,0.000272727,15.0,182.0,128.3333333,10.57692308,0.2,0.21978022,3.0,40.0,641.6666667,48.125,0.2,0.275,0.6,11.0,0.3,0.0,0.18,0.0,0.45,0.081,0.0,0.1,,0.0,,0.018,0.0,,,0.0,,0.0,,0.0,,True,youtube,LvIiXMawoTI,144.0
2025-10-11,WesNemo,https://www.youtube.com/@WesNemo/videos,Gaming,Mediacube,youtube,https://youtu.be/g1dy-7qkDcc?si=OMeLGut4ENBwvPGV&t=82,,influencers_youtube_wesnemo1025,3000.0,60000.0,55000.0,0.916666667,50.0,54.54545455,0.0015,0.001636364,90.0,68.0,33.33333333,44.11764706,0.2,0.132352941,18.0,9.0,166.6666667,333.3333333,0.2,0.222222222,3.6,2.0,0.3,0.5,1.08,1.0,0.45,0.486,0.0,0.1,0.0,0.0,,0.108,0.0,,,0.0,,0.0,,0.0,,True,youtube,g1dy-7qkDcc,82.0
2025-10-14,Blackthornprod,https://www.youtube.com/@Blackthornprod/videos,Tech,Mediacube,youtube,https://youtu.be/t92CeXbifSQ?si=rdGYBBTvx4dZsNFh&t=138,,influencers_youtube_blackthornprod1025,6000.0,110000.0,84000.0,0.763636364,54.54545455,71.42857143,0.0015,0.001964286,165.0,124.0,36.36363636,48.38709677,0.2,0.088709677,33.0,11.0,181.8181818,545.4545455,0.2,0.363636364,6.6,4.0,0.3,0.0,1.98,0.0,0.45,0.891,0.0,0.1,,0.0,,0.198,0.0,,,0.0,,0.0,,0.0,,True,youtube,t92CeXbifSQ,138.0
2025-10-13,RocketSloth,https://www.youtube.com/@RocketSloth/videos,Gaming,Mediacube,youtube,https://www.youtube.com/watch?v=Pecmxz-xdlY,,influencers_youtube_rocketsloth1025,2500.0,70000.0,69000.0,0.985714286,35.71428571,36.23188406,0.0015,0.001521739,105.0,50.0,23.80952381,50.0,0.2,0.1,21.0,5.0,119.047619,500.0,0.2,0.4,4.2,2.0,0.3,0.5,1.26,1.0,0.45,0.567,1.0,0.1,1.0,1.0,2500.0,0.126,0.0,,,0.0,,0.0,,0.0,,True,youtube,Pecmxz-xdlY,
2025-10-20,JuniperDev,https://www.youtube.com/@JuniperDev/videos,GameDev,Mediacube,youtube,https://youtu.be/-F36PhgU0y8?si=neDVQYYFDJOrN6kg,,influencers_youtube_juniperdev1025,3500.0,170000.0,147000.0,0.864705882,20.58823529,23.80952381,0.0015,0.001734694,255.0,152.0,13.7254902,23.02631579,0.2,0.223684211,51.0,34.0,68.62745098,102.9411765,0.2,0.323529412,10.2,11.0,0.3,0.363636364,3.06,4.0,0.45,1.377,1.0,0.1,0.5,2.0,1750.0,0.306,2.0,,1750.0,2.0,1750.0,2.0,1750.0,2.0,,True,youtube,-F36PhgU0y8,
2025-10-20,jmwFILMS,https://www.youtube.com/@jmwFILMS/videos,Gaming,Mediacube,youtube,https://youtu.be/V-QBCdndQ1Q?si=u225qG7rZmV8Yaj3,,influencers_youtube_jmwfilms1025,5900.0,150000.0,81000.0,0.54,39.33333333,72.83950617,0.0015,0.002777778,225.0,60.0,26.22222222,98.33333333,0.2,0.15,45.0,9.0,131.1111111,655.5555556,0.2,0.444444444,9.0,4.0,0.3,0.0,2.7,0.0,0.45,1.215,0.0,0.1,,0.0,,0.27,0.0,,,0.0,,0.0,,0.0,,True,youtube,V-QBCdndQ1Q,
2025-10-22,AccordingtoNicole,https://www.youtube.com/@AccordingtoNicole,Finance,Mediacube,youtube,https://www.youtube.com/watch?v=_jvfqa0UCLI,,influencers_youtube_accordingtonicole1025,4400.0,100000.0,75000.0,0.75,44.0,58.66666667,0.0015,0.002,150.0,71.0,29.33333333,61.97183099,0.2,0.126760563,30.0,9.0,146.6666667,488.8888889,0.2,0.444444444,6.0,4.0,0.3,0.0,1.8,0.0,0.45,0.81,0.0,0.1,,0.0,,0.18,0.0,,,0.0,,0.0,,0.0,,True,youtube,_jvfqa0UCLI,
,noellelovessloths,https://www.instagram.com/noellelovessloths/,Teacher,Fellowers,story,,,influencers_instagram_noellelovessloths1025stories,2015.0,19000.0,,0.0,106.0526316,,0.0015,,28.5,87.0,70.70175439,23.16091954,0.2,0.068965517,5.7,6.0,353.5087719,335.8333333,0.2,0.333333333,1.14,2.0,0.3,0.0,0.342,0.0,0.45,0.1539,0.0,0.1,,0.0,,0.0342,0.0,,,0.0,,0.0,,0.0,,False,empty,,
,miss.dugan1,https://www.instagram.com/miss.dugan1/,Teacher,Fellowers,reel,https://www.instagram.com/p/DQcm6HVj816/,,influencers_instagram_missdugan10925,7020.0,130000.0,90400.0,0.695384615,54.0,77.65486726,0.0015,0.00215708,195.0,1.0,36.0,7020.0,0.2,2.0,39.0,2.0,180.0,3510.0,,0.0,,0.0,,,,0.0,,0.0,0.0,0.1,,0.0,,,0.0,,,0.0,,0.0,,0.0,,True,instagram_post,DQcm6HVj816,
2025-10-22,miss.dugan1,https://www.instagram.com/miss.dugan1/,Teacher,Fellowers,story,,,influencers_instagram_missdugan11025stories,3250.0,55000.0,,0.0,59.09090909,,0.0015,,82.5,666.0,39.39393939,4.87987988,0.2,0.01951952,16.5,13.0,196.969697,250.0,0.2,0.230769231,3.3,3.0,0.3,0.0,0.99,0.0,0.45,0.4455,0.0,0.1,,0.0,,0.099,0.0,,,0.0,,0.0,,0.0,,False,empty,,
2025-10-10,Caspersight,https://www.youtube.com/@Caspersight/videos,Knowledge,Mediacube,youtube,https://www.youtube.com/watch?v=iNjQ_6SS8MU,,influencers_youtube_caspersight1025,6000.0,200000.0,188000.0,0.94,30.0,31.91489362,0.0015,0.001595745,300.0,386.0,20.0,15.54404145,0.2,0.20984456,60.0,81.0,100.0,74.07407407,0.2,0.580246914,12.0,47.0,0.3,0.085106383,3.6,4.0,0.45,1.62,0.0,0.1,0.0,0.0,,0.36,0.0,,,0.0,,0.0,,0.0,,True,youtube,iNjQ_6SS8MU,
2025-10-27,SuperHumansLife,https://www.youtube.com/@SuperHumansLife,Coding,Fellowers,youtube,https://www.youtube.com/watch?v=-E0K-Y5eN6k,,influencers_youtube_superhumanslife1025,10400.0,8000.0,7400.0,0.925,1300.0,1405.405405,0.0015,0.001621622,12.0,279.0,866.6666667,37.27598566,0.2,0.146953405,2.4,41.0,4333.333333,253.6585366,0.2,0.487804878,0.48,20.0,0.3,0.3,0.144,6.0,0.45,0.0648,3.0,0.1,0.333333333,2.0,5200.0,0.0144,1.0,,10400.0,2.0,5200.0,2.0,5200.0,2.0,,True,youtube,-E0K-Y5eN6k,